Text,label
today s deal save 50 on the elder scrolls iii morrowind game of the year edition  look for the deals each day on the front page of steam or follow us on twitter or facebook for instant notifications wherever you are  offer ends wednesday at 10am pacific time,steam
today s deal save 50 on cossacks 3  look for the deals each day on the front page of steam or follow us on twitter or facebook for instant notifications wherever you are  offer ends tuesday at 10am pacific time,steam
today s deal save 33 on va 11 hall a cyberpunk bartender action  look for the deals each day on the front page of steam or follow us on twitter or facebook for instant notifications wherever you are  offer ends monday at 10am pacific time,steam
today s deal save 50 on disgaea 2 pc  look for the deals each day on the front page of steam or follow us on twitter or facebook for instant notifications wherever you are  offer ends sunday at 10am pacific time,steam
crisis on the planet of the apes is now available on steam and is 33 off  5 years since its outbreak  the simian flu has wiped out half of humanity you are an ape with advanced intelligence  captured and held prisoner in a remote scientific facility climb  jump and shoot through the chaos of an apocalyptical world to escape with your fellow apes and return home offer ends april 16 at 10am pacific time,steam
save 75 on the long dark as part of this week s weekend deal  the long dark is a thoughtful  exploration survival experience that challenges solo players to think for themselves as they explore an expansive frozen wilderness in the aftermath of a geomagnetic disaster there are no zombies only you  the cold  and all the threats mother nature can muster welcome to the quiet apocalypse offer ends monday at 10am pacific time,steam
add crusader kings ii to your account for free starting now until saturday at 10am pacific  once you add the game  it will remain in your account permanently  so do nt miss out on this opportunity to own this great title  additionally  save up to 50 on dlc s and expansions for crusader kings ii as part of the weekend deal  after saturday  crusader kings ii will be available for 75 off for the rest of the weekend discount offer ends monday at 10am pacific time,steam
today s deal save 30 on forts  look for the deals each day on the front page of steam or follow us on twitter or facebook for instant notifications wherever you are  offer ends saturday at 10am pacific time,steam
today s deal save 33 on finding paradise  look for the deals each day on the front page of steam or follow us on twitter or facebook for instant notifications wherever you are  offer ends friday at 10am pacific time,steam
the king of fighters 97 global match is now available on steam  kof 97 is the final entry in the orochi saga  the original storyline of the kof series  which is still played by enthusiastic fans around the world kof 97 makes a return with new features such as online matchmaking  a new gallery mode  and custom menu bgm settings ,steam
save 50 on elex during this week s midweek madness  offer ends friday at 10am pacific time,steam
play this war of mine for free until sunday at 1pm pacific time you can also pickup this war of mine at 70 off the regular price  if you already have steam installed  click here to install or play this war of mine if you do nt have steam  you can download it here discount offer ends monday at 10am pacific time,steam
minit is now available on steam  minit is a peculiar little adventure played sixty seconds at a time,steam
today s deal save 15 on full metal furies  look for the deals each day on the front page of steam or follow us on twitter or facebook for instant notifications wherever you are  offer ends thursday at 10am pacific time,steam
the elder scrolls v skyrim vr is now available on steam  a true  full length open world game for vr has arrived from bethesda game studios skyrim vr reimagines the complete epic fantasy masterpiece with an unparalleled sense of scale  depth  and immersion skyrim vr also includes all official add ons,steam
today s deal save 50 on expeditions viking  look for the deals each day on the front page of steam or follow us on twitter or facebook for instant notifications wherever you are  offer ends wednesday at 10am pacific time,steam
today s deal save 66 on epistory typing chronicles  look for the deals each day on the front page of steam or follow us on twitter or facebook for instant notifications wherever you are  offer ends tuesday at 10am pacific time,steam
today s deal save 50 on doom  look for the deals each day on the front page of steam or follow us on twitter or facebook for instant notifications wherever you are  offer ends monday at 10am pacific time,steam
today s deal save 34 on hollow knight  look for the deals each day on the front page of steam or follow us on twitter or facebook for instant notifications wherever you are  offer ends monday at 10am pacific time,steam
today s deal save 50 on human fall flat  look for the deals each day on the front page of steam or follow us on twitter or facebook for instant notifications wherever you are  offer ends monday at 10am pacific time,steam
airmech strike has left early access on steam  in celebration of the release of airmech strike  all airmech games are now on sale on steam as well  airmech strike is a fast paced action rts game that can be played online competitively or cooperatively earn kudos and experience in battle and unlock a wide collection of airmechs and units while you practice the perfect strategy to emerge victorious ,steam
pixark is now available on steam early access and is 20 off  enter a world of mystery  danger  ancient dinosaurs  mythical beasts  and cubes  work by yourself or with a tribe of others to gather materials  craft useful items  tame wild creatures  and build huge bases to survive in pixark  offer ends april 3 at 10am pacific time,steam
today s deal save 70 on sherlock holmes the devil s daughter  look for the deals each day on the front page of steam or follow us on twitter or facebook for instant notifications wherever you are  offer ends thursday at 10am pacific time,steam
save 40 on slime rancher during this week s midweek madness  offer ends friday at 10 am pacific time,steam
save 75 on warhammer 40  000 dawn of war franchise during this week s midweek madness  offer ends thursday at 4pm pacific time,steam
save 20 on themultiplayer party pack during this week s midweek madness  includes duck game  move or die  ultimate chicken horse  inversus deluxe  and stick fight the game offer ends thursday at 4pm pacific time,steam
mx vs atv all out is now available on steam and is 10 off  all terrain  all vehicles  all you  mx vs atv all out is the complete off road racing and lifestyle experience  find your rider style at your private compound  free ride across massive environments  and compete in the best series events  offer ends april 3 at 10am pacific time,steam
blender character rigging for beginners hd is now available on steam  blender character rigging for beginners hd is a video tutorial series by riven phoenix that takes the art student through a step by step process in rigging a high quality 3d human character from scratch using blender s powerful rigging features,steam
today s deal save 50 on furi  look for the deals each day on the front page of steam or follow us on twitter or facebook for instant notifications wherever you are  offer ends friday at 10am pacific time,steam
lego the incredibles is now available for pre purchase on steam  pre purchase now and get early access to the parr family vacation character pack  experience the thrilling adventures of the parr family as they conquer crime and family life through both disney pixar films the incredibles and the incredibles 2  in a lego world full of fun and humor,steam
jurassic world evolution is now available for pre purchase on steam  pre purchase now and receive an exclusive skin for the acu helicopter and the ranger vehicle ,steam
jalopy is now available on steam and is 40 off  build  repair  refuel and drive a dilapidated old car on a grand journey through the territories of the former eastern bloc explore germany  csfr  hungary  yugoslavia and bulgaria offer ends april 4 at 10am pacific time,steam
today s deal save 50 on ken follett s the pillars of the earth  look for the deals each day on the front page of steam or follow us on twitter or facebook for instant notifications wherever you are  offer ends saturday at 10am pacific time,steam
save 60 on killing floor 2 and 80 off killing floor as part of this week s weekend deal  offer ends monday at 10am pacific time,steam
get up to 75 off your favorite lego titles as part of this week s weekend deal  offer ends monday at 10am pacific time,steam
today s deal save 75 on mordheim city of the damned  look for the deals each day on the front page of steam or follow us on twitter or facebook for instant notifications wherever you are  offer ends sunday at 10am pacific time,steam
today s deal save 50 on x morph defense  look for the deals each day on the front page of steam or follow us on twitter or facebook for instant notifications wherever you are  offer ends wednesday at 10am pacific time,steam
robocraft royale is now available on steam early access  100 players  100 crazy rides  mecha  tanks  dinosaurs  helicopters  jet fighters  monster trucks  you drive them  you fight with them in an epic fight for survival with only one winner ,steam
today s deal save 66 on yooka laylee  look for the deals each day on the front page of steam or follow us on twitter or facebook for instant notifications wherever you are  offer ends tuesday at 10am pacific time,steam
today s deal save 60 on blood bowl 2  look for the deals each day on the front page of steam or follow us on twitter or facebook for instant notifications wherever you are  offer ends monday at 10am pacific time,steam
play f1 2017 for free starting now through sunday at 1pm pacific time you can also pickup f1 2017 at 70 off the regular price  if you already have steam installed  click here to install or play f1 2017 if you do nt have steam  you can download it here offer ends monday at 10am pacific time,steam
ni no kuni ii revenant kingdom is now available on steam  join the young king evan as he sets out on an epic quest to found a new kingdom and  with the help of some new friends  unite his world  saving its people from a terrible evil,steam
today s deal save 55 on inside and 80 on limbo  look for the deals each day on the front page of steam or follow us on twitter or facebook for instant notifications wherever you are  offer ends sunday at 10am pacific time,steam
save up to 75 on ubisoft games as part of this week s weekend deal  offer ends monday at 10 am pacific,steam
play the elder scrolls online for free starting now through march 28th at 10pm pacific time you can also pickup the elder scrolls online at 33 off the regular price  if you already have steam installed  click here to install or play the elder scrolls online if you do nt have steam  you can download it here offer ends march 28th at 10am pacific time,steam
today s deal save 65 on monkey island 2 special edition lechuck s revenge  look for the deals each day on the front page of steam or follow us on twitter or facebook for instant notifications wherever you are  offer ends saturday at 10am pacific time,steam
save 50 on football manager 2018 and football manager touch 2018  75 on eastside hockey manager and motorsport manager as part of this week s weekend deal  offer ends monday at 10am pacific time,steam
out of the park baseball 19 is now available on steam and is 10 off  out of the park baseball 19 officially licensed by mlb and the mlbpa is the newest entry in the world s best rated sports strategy game franchise  guide your favorite mlb franchise to glory  play any historical season or create a fictional baseball world a baseball fan s dream come true  offer ends march 29 at 10am pacific time,steam
masters of anima is now available for pre purchase on steam and is 10 off  masters of anima is an original adventure game that takes you deep into the magical world of spark battle against the forces of evil in strategic  action packed battles  where making tactical decisions quickly is vital summon and control large armies of up to 100 guardians  thanks to intuitive and innovative gameplay made from the ground up for controller play  as well as keyboard and mouse,steam
the elder scrolls online summerset is now available for pre purchase on steam join over 10 million players in the award winning online multiplayer rpg and experience limitless adventure in a persistent elder scrolls world be part of an ever expanding story across tamriel and travel to the stunning home of the high elves to save the world from destruction in the latest chapter of eso pre purchase today to immediately receive the morrowind chapter and nightmare senche mount  along with the queen s bounty pack at launch  you can also try the elder scrolls online for free until 10am pacific on 3 28  if you already have steam installed  click here to install or play the elder scrolls online if you do nt have steam  you can download it here,steam
today s deal save 75 on grim dawn  look for the deals each day on the front page of steam or follow us on twitter or facebook for instant notifications wherever you are  offer ends friday at 10am pacific time,steam
save on a variety of nominated games from the igf and gdc awards as a part of this week s midweek madness  check out a wide variety of games  ranging from uurnog uurnlimited and a mortician s tale to cuphead and resident evil 7  discount offers end thursday  march 22nd,steam
save 75 on europa universalis iv during this week s midweek madness  offer ends friday at 10am pacific time,steam
save 66 on mortal kombat xl during this week s midweek madness  offer ends friday at 10am pacific time,steam
today s deal save 50 on battle brothers  look for the deals each day on the front page of steam or follow us on twitter or facebook for instant notifications wherever you are  offer ends thursday at 10am pacific time,steam
octahedron is now available on steam and is 25 off  surf through a pulsating  underground world on platforms pulled from thin air in this challenging psychedelic action platformer that has you defying gravity to a pumping beat offer ends march 27 at 10am pacific time,steam
apex construct is now available on steam  travel to the shattered future of apex construct  where merciless robots prowl the world as a result of mankind s reckless experiments as these synthetic creatures seek to dominate their new hunting grounds  you must use both your wits and combat skills to survive in this atmospheric first person action adventure game  built exclusively for vr  the fate of mankind rests on you the last human alive,steam
the 1st annual gdc film festival  sponsored by steam  is happening now through wednesday  march 21st at the game developers conference 2018 to celebrate the inaugural film festival many of the entries are currently available at special prices on steam now or available to stream free,steam
today s deal save 50 on oneshot  look for the deals each day on the front page of steam or follow us on twitter or facebook for instant notifications wherever you are  offer ends wednesday at 10am pacific time,steam
today s deal save 35 on steamworld dig 2  look for the deals each day on the front page of steam or follow us on twitter or facebook for instant notifications wherever you are  offer ends tuesday at 10am pacific time,steam
today s deal save 40 on foxhole  look for the deals each day on the front page of steam or follow us on twitter or facebook for instant notifications wherever you are  offer ends monday at 10am pacific time,steam
today s deal save 70 on poly bridge  look for the deals each day on the front page of steam or follow us on twitter or facebook for instant notifications wherever you are  offer ends sunday at 10am pacific time,steam
wargames is now available on steam and is 20 off  wargames is a new interactive show from sam barlow you shape the story as kelly  aka l1ghtman  and her clan of misfit hackers transform from pranksters to international hacker celebrities  taking on the powers that be under the handle wargames offer ends march 21 at 10am pacific time,steam
payday 2 vr is now available on steam  step into the world of a heister  payday 2 vr is the full payday 2 experience  where you really get a sense of every cop  dozer  cloaker and medic closing in on you payday 2 vr is free to all payday 2 owners ,steam
save big on the call of duty franchise as part of this week s weekend deal  introducing two new steam complete the set bundles the call of duty franchise collection and the activision collection  which provide extra discounts and make it easy to upgrade if you already own any of the included games offer ends monday at 10am pacific time,steam
surviving mars is now available on steam  there will be challenges to overcome execute your strategy and improve your colony s chances of survival while unlocking the mysteries of this alien world are you ready  mars is waiting for you,steam
today s deal save 60 on obduction  look for the deals each day on the front page of steam or follow us on twitter or facebook for instant notifications wherever you are  offer ends saturday at 10am pacific time,steam
attack on titan 2 a o t 2 is now available on steam  abandon all fear attack on titan 2 is the gripping sequel to the action game based on the worldwide hit anime series attack on titan note interfaces and subtitles for english  french  german  italian  and spanish will be available on march 20th,steam
the making of horizon zero dawn is now available to watch on steam  how does a studio known for linear first person shooters design one of the most well regarded open world games of the generation on their first attempt  noclip travels to amsterdam to talk to guerrilla about their epic journey bringing horizon zero dawn to playstation 4,steam
the american dream is now available on steam and is 15 off  look down the barrel of a future where all your everyday needs are solved with guns samurai punk presents the american dream  a satirical virtual reality trip through a 1950 s world s fair where you learn to live your life with guns offer ends march 21 at 10am pacific time,steam
today s deal save 50 on the lego ninjago movie video game  look for the deals each day on the front page of steam or follow us on twitter or facebook for instant notifications wherever you are  offer ends friday at 10am pacific time,steam
the elder scrolls v skyrim vr is now available for pre purchase on steam a true  full length open world game for vr has arrived from award winning developers  bethesda game studios skyrim vr reimagines the complete epic fantasy masterpiece with an unparalleled sense of scale  depth  and immersion from battling ancient dragons to exploring rugged mountains and more  skyrim vr brings to life a complete open world for you to experience any way you choose skyrim vr includes the critically acclaimed core game and official add ons dawnguard  hearthfire  and dragonborn,steam
today s update unveils dota plus  a new monthly subscription service designed to help you get the most out of every dota 2 match you play dota plus is an evolution of the battle pass in the past we released two types of battle passes  ones that revolved around the majors  and one around the international as a result of the recent introduction of the pro circuit  we ve replaced the majors battle passes with a new type of service that does nt depend on a specific start and end date  and one that we can continually add features and content to over time this reimagining of the majors battle pass will be an ongoing  uninterrupted service filled with features that provide both progression and opportunities for improvement hero leveling offers you a way to make progress every match while earning shards  a new currency that can be used to unlock rewards test your skills by completing hundreds of new challenges of varying difficulties use the plus assistant to help you make build decisions by utilizing real time item and ability suggestions these suggestions are based on data gathered from millions of recent games at each skill bracket  ensuring your builds stay current in the ever evolving meta better understand your playstyle by using new graphs and analysis tools both during the match and after it s finished this update also includes the return of the battle cup all dota plus members will have free weekly access to play in the weekend tournaments  while non members can still purchase tickets for 0 99 to participate everything dota plus has to offer is available now for 3 99 per month receive a discount if you sign up for a six or twelve month subscription want to gift dota plus to a friend  you can purchase gift memberships that will remain active for a fixed number of months check out the dota 2 store page for more information on all of the features included in your subscription,steam
vrfc virtual reality football club is now available on steam early access and is 30 off  take to the turf in vrfc  the world s only first person vr football game whether you struggle to hit a cow s backside with a banjo  or your idea of dribbling is something babies do  none of that matters now you can become a footballing legend in your own living room offer ends march 20 at 10am pacific time,steam
save 50 on tekken 7 during this week s midweek madness  powered by unreal engine 4  the legendary fighting game franchise fights back with stunning story driven cinematic battles and intense duels that can be enjoyed with friends and rivals offer ends friday at 10am pacific time,steam
the raven remastered is now available on steam and is 25 off  london  1964 an ancient ruby is stolen from the british museum at the crime scene a raven feather is somebody trying to follow in the footsteps of the raven  the legendary master thief who disappeared years before  offer ends march 20 at 10am pacific time,steam
save 50 on kerbal space program during this week s midweek madness  offer ends friday at 10am pacific time,steam
save 50 on farming simulator 17 during this week s midweek madness  take on the role of a modern farmer in farming simulator 17  explore farming possibilities in a new north american environment drive over 250 farming vehicles and equipment from over 75 manufacturers  including new brands such as challenger  fendt  valtra or massey ferguson offer ends friday at 10am pacific time,steam
ghost of a tale is now available on steam and is 10 off  ghost of a tale is an action rpg game in which you play as tilo  a mouse and minstrel thrown into a perilous adventure through stealth and cunning you ll be able to explore the secrets of dwindling heights keep and navigate its dangers offer ends march 20 at 10am pacific time,steam
the council is now available on steam  experience a narrative adventure where your choices and character growth truly matter as a member of a 1793 secret society  live a tale of intrigue and manipulation on the hunt for your missing mother,steam
q u b e 2 is now available on steam and is 20 off  q u b e 2 is the sequel to the hit first person puzzle game q u b e you are amelia cross  a stranded archaeologist who has awoken among the ruins of an ancient alien landscape with the distant help of another survivor you must manipulate the structure of this mysterious world and find a way back home offer ends march 20 at 10am pacific time,steam
today s deal save 33 on a hat in time  look for the deals each day on the front page of steam or follow us on twitter or facebook for instant notifications wherever you are  offer ends thursday at 10am pacific time,steam
pure farming 2018 is now available on steam  farming goes global  use the latest technology and state of the art licensed machines to manage all aspects of modern farming travel between europe  asia  and both americas to plant region specific crops such as hemp  coffee beans  and olives farm your way thanks to three unique game modes tailored to both simulation veterans and newcomers to farming games,steam
today s deal save 80 on rebel galaxy  look for the deals each day on the front page of steam or follow us on twitter or facebook for instant notifications wherever you are  offer ends wednesday at 10am pacific time,steam
today s deal save 20 on astroneer  look for the deals each day on the front page of steam or follow us on twitter or facebook for instant notifications wherever you are  offer ends march 16th at 10am pacific time,steam
today s deal save 50 on gremlins  inc  look for the deals each day on the front page of steam or follow us on twitter or facebook for instant notifications wherever you are  offer ends monday at 10am pacific time,steam
crash bandicoot n sane trilogy is now available for pre purchase on steam  your favorite marsupial  crash bandicoot  is back  he s enhanced  entranced and ready to dance with the n sane trilogy relive all your favorite moments in crash bandicoot  crash bandicoot 2 cortex strikes back and crash bandicoot 3 warped  now in fully remastered graphical glory ,steam
darwin project is now available on steam early access  darwin project takes the battle royale genre up north  where an impending ice age has given rise to a twisted new reality show in which ten participants must fight to the death under the show director s gaze,steam
today s deal save 50 on rising storm 2 vietnam  look for the deals each day on the front page of steam or follow us on twitter or facebook for instant notifications wherever you are  offer ends march 16th at 10am pacific time,steam
my lovely daughter is now available on steam and is 10 off  my lovely daughter is an alchemist simulator that explores the depth of a father s grief and how far he will go to resurrect his daughter offer ends march 15 at 10am pacific time,steam
the bonfire forsaken lands is now available on steam and is 20 off  build  discover  craft and survive build your settlement in a snowy encampment  survive monster attacks and manage resources to uncover the secrets of the ancients offer ends march 16 at 10am pacific time,steam
hatsune miku vr vr is now available on steam and is 20 off  world famous virtual singer hatsune miku invites you to her vr music game  aim for the perfect score as she sings and dances to some of her most iconic songs offer ends march 15 at 10am pacific time,steam
add amnesia collection to your account permanently and play for free starting now for a limited time  the amnesia collection includes both amnesia the dark descent and amnesia a machine for pigs once you click install game both games will remain in your account after the free period  so do nt miss out on this opportunity to play these two dark survival horror games,steam
save 50 on project cars 2 as part of this week s weekend deal  the ultimate driver journey  project cars 2 delivers the soul of motor racing in the world s most beautiful  authentic  and technically advanced racing game offer ends monday at 10am pacific time,steam
save 50 on space pirate trainer as part of this week s weekend deal  offer ends monday at 10am pacific time,steam
warhammer vermintide 2 is now available on steam  the sequel to the critically acclaimed vermintide is a visually stunning and groundbreaking melee action game pushing the boundaries of the first person co op genre join the fight now ,steam
today s deal save 50 on total war rome ii emperor edition  look for the deals each day on the front page of steam or follow us on twitter or facebook for instant notifications wherever you are  offer ends march 15th at 10am pacific time,steam
save up to 80 on 2kgames as part of this week s weekend deal  offer ends monday at 10am pacific time,steam
crest an indirect god sim is now available on steam  become a god in this indirect god sim influence and try to control your followers using commandments but beware  free will leaves these open to interpretation will you create a flourishing civilization or lead them into cannibalism ,steam
crusaders of light is now available on steam  crusaders of light is a high quality cross platform mmorpg available on mobile  tablet  and pc with over 300 hours of gameplay  adventure together with friends in real time to defeat epic bosses and unlock legendary gear,steam
today s deal save 75 on battlefleet gothic armada  look for the deals each day on the front page of steam or follow us on twitter or facebook for instant notifications wherever you are  offer ends friday at 10am pacific time,steam
chuchel is now available on steam  chuchel is a comedy adventure game from the creators of machinarium  botanicula and samorost join the hairy hero chuchel and his rival kekel as they will be facing numerous puzzles and challenges in their quest to retrieve the precious cherry ,steam
northgard is now available on steam and is 25 off  northgard is a strategy game based on norse mythology in which you control a clan of vikings vying for the control of a mysterious newfound continent offer ends march 14 at 10am pacific time,steam
get ready to transform the future and your career registration for microsoft ignite is open now http msft social xuu1qq,microsoft
we re committed to using and developing ai responsibly  and helping others do the same through an ethical approach download the future computed to read more http msft social qmaclf,microsoft
the future of tech lives at microsoft ignite registration opens next week http msft social wwogsk,microsoft
one of the elite runners participating in this summer s 2018 special olympics usa games happens to work right here at microsoft meet andy bryant http msft social a4rcyh,microsoft
how is artificial intelligence changing our jobs  bloomberg technology reports on some of microsoft s ideas http msft social avpd0d,microsoft
team rubicon has cleared debris after mudslides and blown snow from roofs to help communities after natural disasters now  they re using technology to do even more http msft social tpudx7,microsoft
when a cold snap strikes  the alaska department of transportation uses weathercloud sensors and data to outsmart winter weather,microsoft
women executives at microsoft are looking to change the way girls and young women view careers in stem http msft social gitjtl,microsoft
watch the inaugural episode of inside xbox here http msft social mwvxvm,microsoft
today  employees across microsoft are signing up to be mentors to the next generation of leaders join us by encouraging the women in your life as they makewhatsnext,microsoft
on the eve of international women s day  we re celebrating and encouraging the next generation of female leaders in stem fields http msft social nsdqlr,microsoft
it s not about what technology can do it s about what you can do with it we re celebrating those who use ai to drive innovation,microsoft
the seattle times has the story of microsoft s boomerang employees  who are finding a new redmond when they return http msft social h5fidx,microsoft
as a place where academics mingle with industries like business and technology  the global innovation exchange is driving solutions to complex worldwide health  sustainability  and social issues http msft social 5bgqhm,microsoft
geekwire explores the ways tech diplomat and microsoft president brad smith uses historical moments to shine a light on modern day issues in the today in technology series http msft social ec5ltz,microsoft
in partnership with code org  we introduced 85 million students around the world to coding and computer science through minecraft http msft social rzudoy,microsoft
nonprofit medical teams international used to rely on millions of paper records every year now  a cloud based app is helping them diagnose and treat more people  more quickly http msft social mfsgad,microsoft
ai powered precision mapping has enabled chesapeake conservancy to focus their conservation efforts on areas that need it most http msft social 7bfwej,microsoft
fresh fish  the space needle  and developers as far as the eye can see register now for microsoft build http msft social eloaei,microsoft
dvr alert catch microsoft ceo satya nadella this weekend on cbs sunday morning http msft social iaplfi,microsoft
nhs blood transplant is using predictive intelligence to create a real time matching scheme for 1m donors each year,microsoft
when he s not on the field  nfl superstar larry fitzgerald is working to ensure kids of today have the technology that will equip them for the opportunities of tomorrow,microsoft
this is no ordinary cat video this one explains quantum computing in less than 4 minutes,microsoft
we re recognizing the significance of black history and the achievements of our colleagues with a series of vignettes highlighting their personal journeys https aka ms g9r9q4,microsoft
it s not about what technology can do it s about what you can do with it we re celebrating those who use ai to drive innovation,microsoft
following hurricane maria  microsoft employees began to map the island of puerto rico to aid relief efforts learn how we re striving to make a positive global impact through microsoft philanthropies http msft social bnsjuh,microsoft
from the court to the console xbox one x is paying homage to the iconic air jordan iii with three custom consoles here s how to win one http msft social k8e2kb,microsoft
registration is now open for microsoft build 2018 devs  join us in seattle  may 7 9 http msft social mdqspg,microsoft
virgin galactic collaborated with microsoft edge to create an immersive web experience explore the spaceship unity and wonders of space http msft social hquidw,microsoft
an imperial college london team is using hololens to make medical procedures quicker and safer before they start http msft social 1l2zqi,microsoft
thank you  ethisphere  for naming microsoft one of the world s most ethical companies for the 8th year in a row http msft social tycfnb,microsoft
we re partnering with shondaland to share stories of women who are changing the world  like ariela suster as ceo of sequence collection  ariela uses business and tech to help at risk youth in el salvador http msft social f15yjt,microsoft
microsoft build returns to seattle may 7 9  2018 developers  join us as we explore the future of technology http msft social cnxp4n,microsoft
via financial review there s a growing number of female executives at microsoft who are driving significant business  technology  and cultural advancements http msft social 6jszg4,microsoft
this safer internet day  let s make the internet a better place http msft social ddnksu,microsoft
irel8 irelate aims to build connections with people who are seeking mental wellness through secure technology http msft social 4fcx1w,microsoft
we partnered with five nfl superstars this year  including larry fitzgerald  to share powerful stories of how they re making an impact in their local communities http msft social gvttrj,microsoft
retail  robotics  aviation  art  entertainment and gaming these are just a few industries the innovators of sh ft are applying microsoft hololens and windows mixed reality to the creative process and forever changing the way we drive business forward http msft social 1vvn93,microsoft
following a mentoring session with microsoft ceo satya nadella  here s an inside look at what lies ahead for the 2017 imagine cup winner  team x glu http msft social pfa0hc,microsoft
a journey shaped by mentors and a view into the company s culture led nate yohannes to microsoft http msft social rwokjf,microsoft
10 things we announced today at bett 2018 http msft social uax64t,microsoft
tomorrow s leaders are sitting in today s classrooms that s why microsoft education is bringing affordable new devices and stem curriculum to students around the world http msft social 0vy4cc bett2018,microsoft
a russian and an american escaped to the woods in search of a breakthrough  and their excursion could inform today s cybersecurity debate http msft social j6vfhp,microsoft
introducing futurecomputed  a look at the possibilities of ai and the challenges ahead http msft social tekwsl,microsoft
kc lemson is the social motivator and mastermind behind microsoft s ninja cat meme  bringing passion and fun to the company she loves http msft social qor0bl,microsoft
relive the highlights from ces2018  including new windows device announcements from our partners,microsoft
day 3 of ces2018 is a wrap  and our partners continued to reveal new and innovative windows devices for gaming  productivity  and everything in between,microsoft
this week at the national retail federation s annual show in nyc we re talking data and how retailers use it to transform the customer experience http msft social cwdncy,microsoft
day 2 of ces2018 is in the books and there were a ton of new windows device announcements watch the highlights,microsoft
yesterday was day 1 of ces2018 we ve been checking out some of our partners new windows 10 pcs see the highlights,microsoft
microsoft s reliability lab is a tech torture chamber http msft social xdwdiq,microsoft
cloud technology and real time collaboration tools have helped startup urban agriculture flourish http msft social rofaqq,microsoft
good housekeeping shares a different kind of ceo story how satya and anu nadella team up in their family this was one of our most popular stories on facebook this year http msft social plmj3v,microsoft
we teamed up with clemson to bring their campus pride to students  fans  faculty and recruits everywhere http msft social rzmwli,microsoft
becoming a father of a son with special needs was the turning point in my life that has shaped who i am today read our ceo satya nadella s hitrefresh moment that helped inspire his commitment to inclusion it was one of our top posts this year http msft social l0qget,microsoft
the empowerment plan makes more than coats they re making dreams come true by helping employees pursue future careers this was one of our most popular stories on facebook this year http msft social 4fhx7l,microsoft
from office anthropology at steelcase to race management at nascar  companies are using technology to drive digital transformation http msft social l8xwtq,microsoft
increase productivity using intelligent services that are already built into word  excel and outlook http msft social hycek7,microsoft
your wish could make a positive impact on your community stop by a microsoft store to learn more http msft social 8fvivv,microsoft
enhance your creativity  discovery  and productivity using everyday ai features infused into office  bing and cortana learn more http msft social wets2y,microsoft
microsoft research labs use ai to put data into perspective to help make more informed decisions http msft social sagvmv,microsoft
ai  simplified,microsoft
the seattle seahawks deshawn shead loves a challenge data and sports science helped him face the challenge of recovery rehab head on,microsoft
today in technology is a series that shares how yesterday s developments provide insights into our world today watch as microsoft president brad smith explores the history of innovation in wisconsin,microsoft
with our partners  we re building the digital infrastructure needed to create connected societies and improve quality of life around the world,microsoft
with data and sports science  the seattle seahawks are optimizing player performance like never before http msft social blaode,microsoft
create a better world http msft social xyl0in,microsoft
albert einstein s immigration story underscores the upside of welcoming talented people from around the world to the u s http msft social r5zwvq,microsoft
peggy johnson  our executive vice president of business development  spoke with huffpost about mentorship  leadership  and career lessons learned http msft social fvuqyu,microsoft
read why cnbc called our surface precision mouse the ultimate mouse http msft social vfkmzc,microsoft
create a powerful moment for someone in your life learn how your holiday wish could be granted by microsoft store http msft social lwwj1g,microsoft
the new microsoft silicon valley campus will be the first tech campus with net zero water certification  making it our smartest  greenest office yet http msft social m93xnk,microsoft
yuwa is changing the lives of girls in rural india experience their stories in 360 using microsoft edge http msft social 0pktym,microsoft
starting today  microsoft edge is available for ios and android as a free download http aka ms emmx m3009s,microsoft
electricity was embraced in wisconsin almost a decade before it reached the white house today  the midwest continues to be a home for innovation,microsoft
18 new buildings  6 7 million square feet of workspace  public spaces  sports fields  and a transportation infrastructure overhaul here s the future of our redmond campus,microsoft
go under the hood of new and classic ford gt models using mixed reality at the petersen automotive museum,microsoft
for them to be part of a community where they feel like they have worth is extremely powerful it s life changing http msft social iah3uw,microsoft
brick mining is working for fabletics learn how they re using data to take traditional retail further http msft social m1uat2,microsoft
looking for the perfect holiday gift  microsoft store has you covered with deals on surface  xbox one s and more http msft social mjt3vt,microsoft
in this episode of work reworked  explore how technology is shaking up the beer industry and helping deschutes brewery craft beer with distinct notes of cloud,microsoft
jack  director of technology at louisiana center for the blind  shows students what s possible with their keyboards and office 365,microsoft
we re teaming up with nonprofit yuwa as they look to change the lives of girls in india explore how yuwa empowers girls to choose their own futures through soccer and education http msft social zlkbuk,microsoft
after founding nonprofit yuwa  franz gastler is looking ahead to help young girls in india become leaders and voices for change http msft social uptxup,microsoft
there s a growing number of mission driven mobile apps that are changing lives  like urban refuge  which helps refugees locate aid resources in jordan http msft social dualta,microsoft
christine singh  vice president of product management at moody s  shares her thoughts on how an entire organization can participate in the security process http msft social 4czhqh,microsoft
get something great for everyone on your list save big on surface  xbox  windows mixed reality headsets and more http msft social yxvixh,microsoft
we re proud to support veterans and transitioning service members as they translate their skills and experience to new careers in tech http msft social rpmhef,microsoft
microsoft ceo satya nadella shares how his experiences as a father have shaped his role as a leader http msft social m9ktqt,microsoft
xbox one x has arrived,microsoft
for more than 150 years  the red cross has solidified its role as international good samaritan now  it s teaching us about cyber warfare,microsoft
from the invention of modern package tracking to a workplace rooted in cloud computing  fedex trusts microsoft 365 to fuel their digital transformation,microsoft
there s no polished oak or panoramic view this is a laboratory watch how steelcase applies anthropology to workplace designs,microsoft
now available the intelligent speaker with premium sound by harman kardon voice assistance by cortana hands free calling by skype,microsoft
the boys girls clubs of america is launching new initiatives empowering kids to explore the worlds of computer science and seize the career opportunities of the future,microsoft
blockchain is the next frontier for digital transformation this 3 minute animated guide explains why,microsoft
ariela suster is translating her experience in the fashion industry into a business model that s changing lives in her native country,microsoft
we re partnering with boys girls clubs of america to create learning opportunities that empower kids to explore futures in computer science,microsoft
becoming a father of a son with special needs was the turning point in my life that has shaped who i am today our ceo satya nadella shares his hitrefresh moment that helped inspire his commitment to inclusion,microsoft
head to the heartland to see how technology helps farmers adapt to changing conditions,microsoft
say hello to the voice activated harman kardon invoke with cortana,microsoft
land o lakes cultivated the cloud to help forward thinking farmers take the guesswork out of agriculture,microsoft
surface book 2  windows 10 fall creators update  mixed reality headsets and more here are all of today s announcements,microsoft
join waldo on an amazing adventure with google maps  to start the perplexing pursuit  ask your google assistant heygoogle  where s waldo  goo gl x3kwhr,google
our latest growwithgoogle stop in louisville highlighted local entrepreneurs creating new opportunities in kentucky like bit source  a software development company that taught coal miners to code https goo gl rpdihz,google
how nonprofit rainforest connection is working with locals like the temb tribe to protect land from deforestation using google s machine learning technology https goo gl wsjdl4 searchon,google
what will you make with justaline  with the just a line app  you can create simple drawings in augmented reality and share your creation with a short video g co justaline,google
we re helping ex army people share their knowledge and skills with the wider community see how first 8 uses digital marketing to boost their first aid training company in denmark goo gl zmx83c growwithgoogle,google
android wear  it s time for a new name say hello to wearosbygoogle  a wearable operating system that keeps you connected to the things and people you love  right from your wrist https goo gl 8ambu8,google
digital skills lead to new opportunities today we re pledging to help 1 million people in europe find a job or grow their business by 2020 growwithgoogle g co grow europe,google
with a pie baked by dominique ansel to represent the pi formula  today s sweet piday googledoodle pays homage to the well rounded mathematical constant goo gl cyylqq,google
at the google assistant fun house  it s always a heygoogle day in the neighborhood take a spin before we ride off into the sxsw sunset,google
from our homepage  to search trends and more  here s how we re celebrating women s voices around the world on international women s day https goo gl 7leppd,google
you might miss a call  but you wo nt miss the moment starting today on google duo  you can leave a video message when the person you re calling can t pick up https g co tddm3t,google
on iwd2018  let s celebrate the people who are advocating for a more equal world  and the inspiring moments they create explore top searched trends around women at g co womensday,google
join talks at google and made with code as they welcome the warriors of disney wrinkleintime for an iwd2018 live talk oprah winfrey  ava duvernay  storm reid and gugu mbatha raw 3 8 11 45 a m et g co talksatgoogle wrinkleintime,google
over 1 million actions made easier on your phone  in your car  and around the house see everything the google assistant can do when you say heygoogle g co assistant,google
let s make some music  we ve created a new chromemusiclab experiment called song maker  a simple way for anyone to make a song and share it https goo gl ecnmqp,google
this week  attorney and activist angela rye celebrates and honors the changemakers who empower her learn more at g co blackhistory blackhistorymonth,google
actors  olympians  baseball players  educators and more it s time to meet this year s epic panel of doodle4google judges goo gl 2wlucj,google
say to google pay the fast  simple way to pay that also keeps everything you need to speed through checkout goo gl xnnc7m,google
this week  actress and activist yara shahidi celebrates and honors the black women who empower her learn more at g co blackhistory blackhistorymonth,google
it s opening day of the googledoodle snow games  get ready for two weeks of competition with some very koala fied critters who will leap  crawl  or slither their way home as heroes https goo gl wjrxzb,google
to celebrate black history  nas pays homage to a long tradition of black musicians and storytellers who empower us today learn more at g co blackhistory blackhistorymonth,google
from your googleassistant to search and streetview  we ve got six ways google can keep you up to speed in pyeongchang let the games begin https goo gl ohgaza,google
on saferinternetday  explore online safety resources for families that help enable parents to provide a safer and inspiring experience for their kids online goo gl 7qfjgv,google
take the field today with your google assistant heygoogle  who s going to win the game ,google
on the big day  bring on the football hey google  watch the super bowl on nbc with youtube tv goo gl m4gc77,google
illustrator shannon wright helps us mark the start of blackhistorymonth with a googledoodle celebrating carter g woodson  known as the father of black history https goo gl zgkqgv,google
this year s doodle4google contest is officially open which means one k 12 artist will get to see their inspiring work on our homepage  goo gl he3yut,google
guess we kicked off museumselfieday a little early this year  here s how google arts culture has been bringing people face to face with art through selfies goo gl 6epzj5,google
to create a new pathway to roles in it support  today we re launching the google it support professional certificate  hosted on coursera https goo gl 1vd9j1 growwithgoogle,google
i believe that unarmed truth and unconditional love will have the final word in reality martin luther king jr hear from guest artist cannaday chapman on his mlkday googledoodle https goo gl yvxsxv,google
at ces2018  we re feeling playful come for the donuts and stay for the slide in this under a minute tour of the google assistant playground heygoogle,google
need a hand with the kiddos  your googleassistant has over 1 million actions to make life a little easier for parents just say heygoogle assistant google com,google
your googleassistant has over 1 million actions to help with your furry  fuzzy   even scaly  best friends just say heygoogle assistant google com,google
hungry  your googleassistant is here to help with your nom noms just say heygoogle assistant google com,google
the key to this tiny town  heygoogle we built a mini city at ces2018 to highlight some of the 1 million actions you can take with your assistant take a staycation in 360 g co ces,google
jazz rock epic doom metal whatever s on your playlist  your googleassistant has over a million actions to help you  and just say heygoogle assistant google com,google
ola  bonjour   with over 1 million actions  your googleassistant can help you get past hello just say heygoogle assistant google com,google
we re introducing a new way to talk about all you can do with your googleassistant actions it s the simplest way to get things done explore over a million actions with heygoogle goo gl cfwvt5,google
it s that time again this year s doodle4google contest is officially open  k 12 artists  bring your imagination to life with the theme what inspires me goo gl he3yut,google
your feedback helps us create products you ll love join a user research study and receive a thank you gift for your participation https goo gl dohdyk,google
as we bid farewell to 2017  take a look back at the most searched moments of the year yearinsearch g co 2017,google
turns out  the world is a pretty big place here are the top trending places we searched for in 2017 yearinsearch g co 2017,google
what does bib i a be ye ye mean  we didn t know either this year  we made song lyric translations trend in search yearinsearch g co 2017,google
merry mission accomplished  santa and his team have finished their trip around the world but the fun doesn t stop here santa s village is still open for games g co santatracker tracksanta,google
it takes a village  of coding elves   to get santa s sleigh up and away officially ready for take off  g co santatracker tracksanta,google
machine learning is creating new sounds and we re all ears join nat friends with musician andrew huang as they jam with magenta  our project to create new tools for art and music g co go nfmagenta,google
looking back at a busy year  we re feeling googley before the curtain closes on 2017  here are 12 things you may have missed from google goo gl qky1c4,google
this year  we questioned the little things big things all the things find out what lingering mysteries trended in search this year yearinsearch g co 2017,google
this year s epic solar eclipse deserved an equally epic soundtrack these were the top trending songs the world searched for during the eclipse yearinsearch g co 2017,google
the most memorable moments of 2017 started with a question g co 2017 yearinsearch,google
when his daughter liberty was born with a rare eye condition  dwayne collins couldn t find a prosthetic eye that didn t cause her extreme pain so he went to youtube  found a video detailing a unique process of prosthetic eye making  and made one himself https goo gl kqqre7 searchon,google
santa does nt just work with elves he s also got robots  help teach santa s how to recognize holiday doodles goo gl cfa5x7 tracksanta,google
need more reasons to love your pixel 2  we got em with new ar stickers  you can now add some of your favorite virtual characters into your photos and videos https goo gl 87m1vb,google
2 9 million cats  2 9 million hot dogs  and more drawings of stars than can be seen in the night sky take a look at one billion drawings from around the world with quick  draw  https goo gl z4vprd,google
but first  a video selfie on google  you can now find video recorded answers in mobile search results from your favorite personalities like nick jonas  gina rodriguez  will ferrell and more goo gl 5n7pxf,google
santa claus is coming to town  but first  a trip to the museum of holiday cheer tracksanta all month long g co santatracker,google
an eye fit for liberty how a dad used youtube to learn how to make his daughter a better prosthetic eye goo gl mdjkns,google
what is that  a google pixel 2 what can it do  a lot  goo gl stbl7m,google
hear from olivia  a member of our google american indian network  on how we re partnering with native communities goo gl uxvumk nativeamericanheritagemonth,google
did you hear that  nat friends bring the noise to show how machines are learning to recognize sounds g co go nfsound,google
starting as a google project in 2009  waymo has self driven more than 3 5 million miles to get ready for this moment https goo gl py5uhg,google
this veteransday  hear from navy seal vet and google vp of global security  chris rackow  on how we re supporting those who served goo gl ag9zhe,google
meet the machine learning makers of the google brain team from improving people s lives to creating the back up band of the future  see what makes these deep learning researchers geek out about ai goo gl 7osvh5,google
if you re over the old way of doing things  you chromebook see how you can watch  listen  create  work all in one place,google
with the world as their canvas  see how creators are pushing creative boundaries in augmented reality with arcore g co arexperiments,google
our halloween googledoodle follows jinx  a lonely ghost on a quest for the perfect costume and a place to belong https goo gl epmdes,google
got opinions  help shape the future of our products by joining a research study and earn a thank you gift from us  goo gl jnn3zf,google
today in the u s  googleassistant now has more than 50 new games  activities and stories for families with kids goo gl 3c5ygu,google
blast off in your browser to the surface of the red planet  built from a 3d model of photos sent by nasa s curiosity mars rover  explore the martian terrain with access mars https g co qkafgq,google
about the size of a donut and packed with all the smarts of the googleassistant  google home mini has arrived https g co nmyed7,google
siempre selena set to her iconic song bidi bidi bom bom  today s googledoodle celebrates selena quintanilla https goo gl 16i5ic,google
researchers at google and beyond believe exascale machines computers so fast they could crunch 1  018 calculations per second  could help get fresh water to the 1 2 billion people on earth that need it most learn how goo gl emvo15,google
to help create opportunity for everyone  today we re announcing 1b in grants  1m volunteer hours and a growwithgoogle initiative g co grow blog,google
how a photographer with agoraphobia uses streetview to travel the world without leaving her home https goo gl 92ljao searchon,google
go behind the scenes with pixel 2 hardware  software and testing  plus lots of untouched photo examples   with nat friends goo gl ooktvq,google
madebygoogle the best hardware  software and ai together https g co gvwn89,google
that s a wrap  meet the newest members of the made by google family  madebygoogle,google
counting down to see what made by google s been making watch live on youtube at 9 a m pdt g co madebygoogle2017 madebygoogle,google
explore machine learning hands on in your browser with teachablemachine no coding required https goo gl c5np4v,google
curious about what made by google s been making  watch the livestream on wednesday  9 a m pdt g co madebygoogle2017 madebygoogle,google
got questions about the new things we re making  made by google has answers,google
how an inventor in sweden is using streetview paired with a stationary bike to help dementia patients goo gl beutmr searchon,google
with a surprise to celebrate every year  celebrate our 19th birthday with a spin in today s googledoodle google com,google
phone  keys  wallet  jacket new tech for your commute a levi s jacket with jacquardbygoogle technology woven in goo gl at1buf,google
a ride to remember for worldalzheimersday how streetview and a stationary bike are helping dementia patients goo gl ynbrqw,google
something s coming to google arts culture  just play it cool  real cool  and explore a new west side story collection goo gl xh8rln,google
the hi res future of anti pollution tech how streetview cars are mapping the way to cleaner air  block by block goo gl 5bfdrg,google
start hispanicheritagemonth with stories of activists who paved the way for latinos in the u s on google arts culture g co uslatinocultures,google
one  two  a one  two  three  four  sing with nat friends in their new episode on sound and music experiments g co go 5music,google
go center stage in a historic italian theater for phoenix s new video with la blogoth que and google arts culture goo gl z87ydv,google
we re on a mission to offset our entire electric bill with the wind and sun meet the people who are helping us push for renewable energy and boost the local economy goo gl ma2s42,google
ahead of hispanicheritagemonth  we re celebrating latino cultures in the u s with a new google arts culture collection goo gl hxgdct,google
experience music and all of its layers with inside music  our new interactive experiment with song exploder goo gl eqvd51,google
join google local guides and help contribute to a better and more accessible world for wheels on google maps goo gl 6jxeqj a11y,google
with androidone  we re bringing a smart  secure and fresh experience to more countries goo gl 8rgxad,google
whatever your favorite things are  we want you to have more of them introducing your feed  now in the google app available now on android  https goo gl w76s7l  and ios  https goo gl s1ic1m ,google
we re expanding our support to those affected by harvey by continuing to update our sos alerts and crisis map  and committing to match up to 1m in donations through google org,google
join the megamovie team on their chase for totality and see how the project to capture eclipse2017 came to light https g co bnz85t,google
imagination  amplified we teamed up with literacy nonprofit 826 valencia to bring kids voices to life with vr goo gl r8pudx,google
welcoming walmart to  newly membership free   google express and googleassistant to make shopping faster goo gl mekbxu,google
step into dancetonite  an ever changing vr collaboration by lcd soundsystem and their fans goo gl 4ixxud,google
it s a bird  it s a plane  no  it s androidoreo  open wonder with a release that s smarter  faster and more powerful than ever https goo gl 1m3y9r,google
today s view a total eclipse of the sun coming to you live from the path of totality in waterloo  illinois  we re giving you a sneak peak of what you ll see in our megamovie of eclipse2017,google
